{
 "nodes": {
  "step:cut:intro": [
   369.84857142857146,
   -148.17714285714288
  ],
  "room:hallway": [
   -99.8057142857143,
   49.442857142857136
  ],
  "step:hs_hallway_4": [
   -187.2771428571429,
   127.44285714285712
  ],
  "step:hs_hallway_2": [
   -12.334285714285727,
   189.2942857142857
  ],
  "room:bedroom": [
   367.9914285714286,
   2.3428571428571416
  ],
  "step:hs_bedroom_1": [
   367.9914285714286,
   80.34285714285716
  ],
  "step:make:0": [
   -19.06285714285714,
   478.32
  ],
  "room:garden": [
   355.88000000000005,
   245.6142857142857
  ],
  "step:hs_garden_2": [
   249.5685714285715,
   334.38
  ],
  "step:hs_garden_3": [
   353.1885714285715,
   467.5028571428572
  ],
  "step:hs_garden_5": [
   355.88000000000005,
   568.3800000000001
  ],
  "step:cut:gnome_dance": [
   372.02857142857147,
   663.8742857142859
  ],
  "step:hs_garden_6": [
   392.2142857142858,
   775.517142857143
  ]
 },
 "view": {
  "x": 39.123142250530805,
  "y": 87.40339702760085,
  "k": 0.7430997876857749
 },
 "v": 2
}
